Tiempo,Q_DEEN,Caudal BPIL
100,213.503,252.665
200,213.503,252.665
300,213.503,252.665
400,213.503,252.665
500,213.503,252.665
600,213.503,252.665
700,213.503,252.665
800,213.503,252.665
900,213.503,252.665
1000,213.503,252.665
1800,213.494,252.645
1900,213.48,252.611
2000,213.454,252.554
2100,213.416,252.469
2200,213.363,252.352
2300,213.293,252.202
2400,213.206,252.018
2500,213.103,251.802
2600,212.984,251.555
2700,212.851,251.277
2800,212.704,250.97
2900,212.547,250.637
3000,212.379,250.28
3100,212.204,249.901
3200,212.022,249.502
3300,211.835,249.085
3400,211.644,248.654
3500,211.449,248.209
3600,211.251,247.753
3700,211.05,247.288
3800,210.847,246.815
3900,210.64,246.337
4000,210.429,245.855
4100,210.215,245.37
4200,209.996,244.884
4300,209.773,244.398
4400,209.544,243.915
4500,209.309,243.435
4600,209.069,242.959
4700,208.823,242.488
4800,208.57,242.024
4900,208.312,241.567
5000,208.047,241.118
5100,207.777,240.677
5200,207.501,240.244
5300,207.22,239.819
5400,206.934,239.403
5500,206.643,238.994
5600,206.347,238.594
5700,206.047,238.2
5800,205.744,237.814
5900,205.437,237.433
6000,205.127,237.059
6100,204.814,236.689
6200,204.498,236.324
6300,204.18,235.964
6400,203.861,235.606
6500,203.539,235.252
6600,203.217,234.899
6700,202.893,234.55
6800,202.568,234.201
6900,202.243,233.854
7000,201.917,233.509
7100,201.591,233.164
7200,201.265,232.819
7300,200.939,232.476
7400,200.613,232.132
7500,200.288,231.789
7600,199.963,231.447
7700,199.639,231.104
7800,199.315,230.762
7900,198.992,230.419
8000,198.67,230.077
8100,198.348,229.735
8200,198.028,229.394
8300,197.708,229.052
8400,197.389,228.71
8500,197.071,228.369
8600,196.753,228.028
8700,196.437,227.687
8800,196.121,227.347
8900,195.806,227.007
9000,195.492,226.667
9100,195.179,226.327
9200,194.866,225.987
9300,194.554,225.648
9400,194.244,225.309
9500,193.933,224.971
9600,193.624,224.632
9700,193.315,224.294
9800,193.008,223.956
9900,192.7,223.618
10000,192.394,223.28
10100,192.088,222.942
10200,191.783,222.605
10300,191.479,222.268
10400,191.175,221.93
10500,190.872,221.593
10600,190.569,221.257
10700,190.267,220.92
10800,189.966,220.583
10900,189.665,220.247
11000,189.365,219.911
11100,189.066,219.575
11200,188.766,219.239
11300,188.468,218.904
11400,188.169,218.568
11500,187.872,218.233
11600,187.574,217.899
11700,187.278,217.565
11800,186.981,217.231
11900,186.685,216.897
12000,186.389,216.564
12100,186.094,216.231
12200,185.799,215.899
12300,185.504,215.567
12400,185.21,215.236
12500,184.916,214.905
12600,184.623,214.574
12700,184.33,214.244
12800,184.037,213.915
12900,183.744,213.586
13000,183.452,213.257
13100,183.16,212.929
13200,182.868,212.602
13300,182.577,212.275
13400,182.286,211.948
13500,181.996,211.622
13600,181.705,211.296
13700,181.415,210.971
13800,181.126,210.647
13900,180.836,210.323
14000,180.548,209.999
14100,180.259,209.676
14200,179.971,209.353
14300,179.683,209.031
14400,179.395,208.709
14500,179.108,208.387
14600,178.821,208.066
14700,178.535,207.746
14800,178.249,207.425
14900,177.963,207.106
15000,177.678,206.786
15100,177.393,206.468
15200,177.108,206.149
15300,176.824,205.831
15400,176.54,205.513
15500,176.257,205.196
15600,175.974,204.879
15700,175.691,204.563
15800,175.409,204.247
15900,175.127,203.931
16000,174.845,203.616
16100,174.564,203.301
16200,174.283,202.987
16300,174.003,202.673
16400,173.723,202.359
16500,173.443,202.046
16600,173.164,201.733
16700,172.885,201.42
16800,172.607,201.108
16900,172.329,200.797
17000,172.051,200.485
17100,171.773,200.174
17200,171.496,199.864
17300,171.219,199.553
17400,170.943,199.243
17500,170.666,198.932
17600,170.39,198.622
17700,170.114,198.311
17800,169.838,198.001
17900,169.563,197.691
18000,169.287,197.381
18100,169.012,197.07
18200,168.737,196.76
18300,168.462,196.451
18400,168.188,196.141
18500,167.914,195.831
18600,167.641,195.522
18700,167.368,195.213
18800,167.095,194.904
18900,166.823,194.596
19000,166.551,194.288
19100,166.28,193.98
19200,166.009,193.672
19300,165.738,193.365
19400,165.468,193.058
19500,165.198,192.752
19600,164.928,192.446
19700,164.659,192.141
19800,164.389,191.836
19900,164.12,191.531
20000,163.852,191.227
20100,163.583,190.923
20200,163.315,190.62
20300,163.047,190.317
20400,162.779,190.015
20500,162.511,189.713
20600,162.244,189.411
20700,161.977,189.111
20800,161.71,188.81
20900,161.443,188.51
21000,161.177,188.211
21100,160.911,187.912
21200,160.645,187.613
21300,160.38,187.315
21400,160.115,187.017
21500,159.85,186.72
21600,159.585,186.423
21700,159.321,186.126
21800,159.057,185.83
21900,158.794,185.534
22000,158.53,185.238
22100,158.267,184.943
22200,158.005,184.648
22300,157.742,184.354
22400,157.48,184.06
22500,157.219,183.766
22600,156.958,183.473
22700,156.697,183.18
22800,156.436,182.887
22900,156.176,182.594
23000,155.916,182.302
23100,155.657,182.011
23200,155.397,181.719
23300,155.139,181.428
23400,154.88,181.138
23500,154.622,180.847
23600,154.365,180.557
23700,154.107,180.268
23800,153.85,179.979
23900,153.594,179.69
24000,153.338,179.401
24100,153.082,179.113
24200,152.826,178.825
24300,152.571,178.538
24400,152.316,178.25
24500,152.062,177.964
24600,151.808,177.677
24700,151.554,177.391
24800,151.301,177.106
24900,150.994,176.82
25000,150.804,176.535
25100,150.58,176.251
25200,150.351,175.967
25300,150.12,175.683
25400,149.886,175.399
25500,149.65,175.116
25600,149.412,174.833
25700,149.172,174.551
25800,148.93,174.269
25900,148.684,173.987
26000,148.434,173.705
26100,148.181,173.424
26200,147.927,173.142
26300,147.672,172.861
26400,147.416,172.579
26500,147.159,172.298
26600,146.902,172.016
26700,146.644,171.735
26800,146.386,171.453
26900,146.127,171.171
27000,145.869,170.889
27100,145.611,170.608
27200,145.353,170.325
27300,145.095,170.043
27400,144.841,169.76
27500,144.584,169.477
27600,144.325,169.194
27700,144.067,168.91
27800,143.809,168.627
27900,143.552,168.343
28000,143.296,168.058
28100,143.041,167.774
28200,142.787,167.49
28300,142.534,167.207
28400,142.282,166.923
28500,142.031,166.64
28600,141.782,166.357
28700,141.534,166.075
28800,141.287,165.794
28900,141.041,165.513
29000,140.796,165.232
29100,140.551,164.953
29200,140.307,164.674
29300,140.064,164.395
29400,139.823,164.118
29500,139.582,163.84
29600,139.342,163.564
29700,139.103,163.288
29800,138.866,163.013
29900,138.629,162.739
30000,138.393,162.465
30100,138.158,162.192
30200,137.923,161.92
30300,137.69,161.648
30400,137.457,161.378
30500,137.225,161.107
30600,136.993,160.838
30700,136.762,160.569
30800,136.532,160.3
30900,136.302,160.032
31000,136.073,159.765
31100,135.844,159.499
31200,135.616,159.233
31300,135.388,158.968
31400,135.16,158.704
31500,134.933,158.441
31600,134.706,158.179
31700,134.479,157.917
31800,134.253,157.657
31900,134.027,157.397
32000,133.801,157.139
32100,133.575,156.881
32200,133.35,156.624
32300,133.124,156.367
32400,132.899,156.112
32500,132.674,155.857
32600,132.45,155.604
32700,132.225,155.35
32800,132.001,155.098
32900,131.777,154.846
33000,131.553,154.595
33100,131.329,154.345
33200,131.106,154.095
33300,130.882,153.846
33400,130.66,153.597
33500,130.437,153.349
33600,130.214,153.102
33700,129.992,152.855
33800,129.77,152.608
33900,129.549,152.362
34000,129.327,152.116
34100,129.106,151.871
34200,128.885,151.625
34300,128.665,151.381
34400,128.445,151.136
34500,128.225,150.892
34600,128.005,150.648
34700,127.786,150.405
34800,127.567,150.161
34900,127.348,149.918
35000,127.13,149.676
35100,126.912,149.433
35200,126.694,149.191
35300,126.477,148.948
35400,126.26,148.706
35500,126.043,148.465
35600,125.827,148.223
35700,125.61,147.982
35800,125.395,147.741
35900,125.179,147.5
36000,124.964,147.259
36100,124.749,147.019
36200,124.535,146.778
36300,124.32,146.538
36400,124.106,146.299
36500,123.893,146.059
36600,123.679,145.82
36700,123.466,145.58
36800,123.253,145.341
36900,123.041,145.103
37000,122.828,144.864
37100,122.616,144.626
37200,122.405,144.388
37300,122.193,144.15
37400,121.982,143.912
37500,121.771,143.674
37600,121.56,143.437
37700,121.35,143.2
37800,121.139,142.963
37900,120.929,142.726
38000,120.72,142.49
38100,120.51,142.254
38200,120.301,142.018
38300,120.092,141.782
38400,119.883,141.546
38500,119.675,141.311
38600,119.466,141.076
38700,119.258,140.841
38800,119.05,140.607
38900,118.843,140.372
39000,118.635,140.138
39100,118.428,139.905
39200,118.221,139.671
39300,118.014,139.438
39400,117.807,139.205
39500,117.601,138.972
39600,117.395,138.74
39700,117.189,138.508
39800,116.983,138.276
39900,116.778,138.044
40000,116.572,137.813
40100,116.367,137.582
40200,116.162,137.351
40300,115.958,137.121
40400,115.753,136.89
40500,115.549,136.66
40600,115.345,136.431
40700,115.141,136.201
40800,114.938,135.972
40900,114.734,135.743
41000,114.531,135.514
41100,114.328,135.286
41200,114.126,135.058
41300,113.923,134.83
41400,113.721,134.602
41500,113.519,134.374
41600,113.318,134.147
41700,113.116,133.92
41800,112.915,133.694
41900,112.714,133.467
42000,112.513,133.241
42100,112.313,133.015
42200,112.112,132.789
42300,111.912,132.564
42400,111.713,132.339
42500,111.513,132.114
42600,111.314,131.889
42700,111.115,131.665
42800,110.916,131.441
42900,110.717,131.217
43000,110.519,130.993
43100,110.321,130.77
43200,110.123,130.547
43300,109.925,130.324
43400,109.728,130.101
43500,109.53,129.879
43600,109.334,129.656
43700,109.137,129.434
43800,108.94,129.213
43900,108.744,128.991
44000,108.548,128.77
44100,108.352,128.549
44200,108.157,128.329
44300,107.962,128.108
44400,107.767,127.888
44500,107.572,127.668
44600,107.377,127.448
44700,107.183,127.229
44800,106.989,127.01
44900,106.795,126.791
45000,106.601,126.572
45100,106.408,126.354
45200,106.215,126.136
45300,106.022,125.918
45400,105.829,125.7
45500,105.637,125.483
45600,105.445,125.266
45700,105.253,125.049
45800,105.061,124.832
45900,104.869,124.616
46000,104.678,124.4
46100,104.487,124.184
46200,104.296,123.968
46300,104.106,123.753
46400,103.915,123.538
46500,103.725,123.323
46600,103.535,123.108
46700,103.346,122.894
46800,103.156,122.68
46900,102.967,122.466
47000,102.778,122.252
47100,102.589,122.039
47200,102.4,121.826
47300,102.212,121.613
47400,102.024,121.401
47500,101.836,121.188
47600,101.649,120.976
47700,101.461,120.764
47800,101.274,120.553
47900,101.087,120.341
48000,100.9,120.13
48100,100.714,119.92
48200,100.527,119.709
48300,100.341,119.499
48400,100.155,119.289
48500,99.9698,119.079
48600,99.7844,118.869
48700,99.5992,118.66
48800,99.4142,118.451
48900,99.2295,118.242
49000,99.045,118.033
49100,98.8607,117.825
49200,98.6766,117.617
49300,98.4928,117.409
49400,98.3091,117.202
49500,98.1257,116.994
49600,97.9425,116.787
49700,97.7596,116.58
49800,97.5768,116.374
49900,97.3943,116.167
50000,97.212,115.961
50100,97.0299,115.755
50200,96.848,115.55
50300,96.6664,115.344
50400,96.485,115.139
50500,96.3037,114.934
50600,96.1227,114.73
50700,95.942,114.525
50800,95.7614,114.321
50900,95.5811,114.117
51000,95.4009,113.913
51100,95.221,113.71
51200,95.0413,113.507
51300,94.8618,113.304
51400,94.6825,113.101
51500,94.5035,112.898
51600,94.3246,112.696
51700,94.146,112.494
51800,93.9676,112.292
51900,93.7894,112.091
52000,93.6114,111.889
52100,93.4336,111.688
52200,93.2561,111.487
52300,93.0787,111.287
52400,92.9015,111.086
52500,92.7246,110.886
52600,92.5479,110.686
52700,92.3714,110.487
52800,92.195,110.287
52900,92.0189,110.088
53000,91.843,109.889
53100,91.6674,109.69
53200,91.4919,109.492
53300,91.3166,109.293
53400,91.1415,109.095
53500,90.9667,108.898
53600,90.792,108.7
53700,90.6176,108.503
53800,90.4433,108.306
53900,90.2693,108.109
54000,90.0954,107.912
54100,89.9218,107.716
54200,89.7484,107.519
54300,89.5751,107.323
54400,89.4021,107.128
54500,89.2293,106.932
54600,89.0566,106.737
54700,88.8842,106.542
54800,88.712,106.347
54900,88.54,106.152
55000,88.3681,105.958
55100,88.1965,105.764
55200,88.0251,105.57
55300,87.8539,105.376
55400,87.6828,105.183
55500,87.512,104.989
55600,87.3414,104.796
55700,87.171,104.604
55800,87.0007,104.411
55900,86.8307,104.219
56000,86.6608,104.026
56100,86.4912,103.834
56200,86.3217,103.643
56300,86.1525,103.451
56400,85.9834,103.26
56500,85.8145,103.069
56600,85.6458,102.878
56700,85.4774,102.688
56800,85.3091,102.497
56900,85.141,102.307
57000,84.9731,102.117
57100,84.8054,101.927
57200,84.6378,101.738
57300,84.4705,101.548
57400,84.3034,101.359
57500,84.1364,101.17
57600,83.9696,100.982
57700,83.8031,100.793
57800,83.6367,100.605
57900,83.4705,100.417
58000,83.3045,100.229
58100,83.1387,100.042
58200,82.973,99.8543
58300,82.8075,99.6671
58400,82.6423,99.4801
58500,82.4771,99.2933
58600,82.3122,99.1067
58700,82.1474,98.9202
58800,81.9827,98.7339
58900,81.8183,98.5478
59000,81.6539,98.3619
59100,81.4898,98.1761
59200,81.3258,97.9905
59300,81.1619,97.805
59400,80.9983,97.6198
59500,80.8348,97.4347
59600,80.6715,97.2497
59700,80.5084,97.065
59800,80.3454,96.8804
59900,80.1826,96.6961
60000,80.02,96.5119
60100,79.8576,96.3279
60200,79.6953,96.1441
60300,79.5332,95.9605
60400,79.3713,95.7771
60500,79.2095,95.5939
60600,79.0479,95.4109
60700,78.8865,95.228
60800,78.7253,95.0454
60900,78.5641,94.863
61000,78.4032,94.6808
61100,78.2424,94.4988
61200,78.0818,94.317
61300,77.9213,94.1354
61400,77.761,93.954
61500,77.6009,93.7728
61600,77.4409,93.5919
61700,77.2811,93.4111
61800,77.1214,93.2305
61900,76.962,93.0502
62000,76.8026,92.8701
62100,76.6435,92.6901
62200,76.4845,92.5104
62300,76.3257,92.3308
62400,76.167,92.1515
62500,76.0085,91.9724
62600,75.8502,91.7934
62700,75.692,91.6147
62800,75.534,91.4361
62900,75.3762,91.2578
63000,75.2185,91.0796
63100,75.061,90.9016
63200,74.9037,90.7238
63300,74.7465,90.5462
63400,74.5895,90.3688
63500,74.4327,90.1916
63600,74.276,90.0145
63700,74.1195,89.8377
63800,73.9632,89.661
63900,73.807,89.4845
64000,73.651,89.3082
64100,73.4952,89.1321
64200,73.3395,88.9562
64300,73.184,88.7804
64400,73.0287,88.6049
64500,72.8735,88.4295
64600,72.7185,88.2543
64700,72.5637,88.0793
64800,72.409,87.9045
64900,72.2545,87.7299
65000,72.1001,87.5554
65100,71.946,87.3811
65200,71.7919,87.2071
65300,71.6381,87.0332
65400,71.4843,86.8594
65500,71.3308,86.6859
65600,71.1774,86.5126
65700,71.0242,86.3394
65800,70.8711,86.1664
65900,70.7182,85.9936
66000,70.5655,85.821
66100,70.4129,85.6485
66200,70.2604,85.4762
66300,70.1081,85.3042
66400,69.956,85.1322
66500,69.804,84.9605
66600,69.6522,84.7889
66700,69.5006,84.6176
66800,69.3491,84.4464
66900,69.1977,84.2753
67000,69.0465,84.1045
67100,68.8955,83.9338
67200,68.7446,83.7633
67300,68.5938,83.593
67400,68.4433,83.4229
67500,68.2928,83.2529
67600,68.1425,83.0831
67700,67.9924,82.9135
67800,67.8424,82.744
67900,67.6926,82.5747
68000,67.5429,82.4056
68100,67.3933,82.2367
68200,67.2439,82.068
68300,67.0947,81.8994
68400,66.9456,81.731
68500,66.7966,81.5627
68600,66.6478,81.3947
68700,66.4992,81.2268
68800,66.3506,81.0591
68900,66.2023,80.8915
69000,66.054,80.7241
69100,65.9059,80.5569
69200,65.758,80.3899
69300,65.6102,80.223
69400,65.4625,80.0563
69500,65.315,79.8897
69600,65.1676,79.7234
69700,65.0204,79.5571
69800,64.8733,79.3911
69900,64.7264,79.2252
70000,64.5796,79.0595
70100,64.4329,78.894
70200,64.2864,78.7286
70300,64.14,78.5633
70400,63.9937,78.3983
70500,63.8476,78.2334
70600,63.7017,78.0686
70700,63.5558,77.9041
70800,63.4101,77.7396
70900,63.2646,77.5754
71000,63.1192,77.4113
71100,62.9739,77.2474
71200,62.8287,77.0836
71300,62.6837,76.92
71400,62.5389,76.7565
71500,62.3941,76.5932
71600,62.2495,76.43
71700,62.1051,76.267
71800,61.9607,76.1042
71900,61.8165,75.9415
72000,61.6725,75.779
72100,61.5285,75.6166
72200,61.3847,75.4544
72300,61.241,75.2923
72400,61.0975,75.1304
72500,60.9541,74.9687
72600,60.8108,74.807
72700,60.6677,74.6456
72800,60.5246,74.4843
72900,60.3818,74.3231
73000,60.239,74.1621
73100,60.0964,74.0013
73200,59.9539,73.8406
73300,59.8115,73.68
73400,59.6692,73.5196
73500,59.5271,73.3594
73600,59.3851,73.1992
73700,59.2433,73.0393
73800,59.1015,72.8795
73900,58.9599,72.7198
74000,58.8184,72.5603
74100,58.677,72.4009
74200,58.5358,72.2417
74300,58.3946,72.0826
74400,58.2536,71.9237
74500,58.1128,71.7649
74600,57.972,71.6062
74700,57.8314,71.4477
74800,57.6908,71.2893
74900,57.5504,71.1311
75000,57.4102,70.973
75100,57.27,70.8151
75200,57.13,70.6573
75300,56.9901,70.4996
75400,56.8503,70.3421
75500,56.7106,70.1847
75600,56.571,70.0275
75700,56.4316,69.8704
75800,56.2922,69.7134
75900,56.153,69.5566
76000,56.0139,69.3999
76100,55.8749,69.2433
76200,55.7361,69.0869
76300,55.5973,68.9306
76400,55.4587,68.7745
76500,55.3201,68.6185
76600,55.1817,68.4626
76700,55.0434,68.3068
76800,54.9052,68.1512
76900,54.7671,67.9958
77000,54.6292,67.8404
77100,54.4913,67.6852
77200,54.3536,67.5301
77300,54.2159,67.3752
77400,54.0784,67.2203
77500,53.941,67.0656
77600,53.8037,66.9111
77700,53.6665,66.7566
77800,53.5294,66.6023
77900,53.3924,66.4482
78000,53.2555,66.2941
78100,53.1187,66.1402
78200,52.9821,65.9864
78300,52.8455,65.8327
78400,52.709,65.6792
78500,52.5727,65.5258
78600,52.4365,65.3725
78700,52.3003,65.2193
78800,52.1643,65.0662
78900,52.0283,64.9133
79000,51.8925,64.7605
79100,51.7568,64.6078
79200,51.6211,64.4553
79300,51.4856,64.3028
79400,51.3502,64.1505
79500,51.2149,63.9983
79600,51.0796,63.8462
79700,50.9445,63.6943
79800,50.8095,63.5424
79900,50.6745,63.3907
80000,50.5397,63.2391
80100,50.405,63.0876
80200,50.2703,62.9363
80300,50.1358,62.785
80400,50.0013,62.6339
80500,49.867,62.4828
80600,49.7327,62.3319
80700,49.5985,62.1811
80800,49.4645,62.0304
80900,49.3305,61.8799
81000,49.1966,61.7294
81100,49.0628,61.5791
81200,48.9291,61.4288
81300,48.7955,61.2787
81400,48.662,61.1287
81500,48.5286,60.9788
81600,48.3953,60.829
81700,48.262,60.6793
81800,48.1289,60.5297
81900,47.9958,60.3803
82000,47.8628,60.2309
82100,47.7299,60.0817
82200,47.5971,59.9325
82300,47.4644,59.7835
82400,47.3318,59.6345
82500,47.1992,59.4857
82600,47.0668,59.337
82700,46.9344,59.1884
82800,46.8021,59.0398
82900,46.6699,58.8914
83000,46.5378,58.7431
83100,46.4057,58.5949
83200,46.2738,58.4468
83300,46.1419,58.2988
83400,46.0101,58.1508
83500,45.8784,58.003
83600,45.7468,57.8553
83700,45.6152,57.7077
83800,45.4837,57.5602
83900,45.3524,57.4128
84000,45.221,57.2654
84100,45.0898,57.1182
84200,44.9586,56.9711
84300,44.8276,56.824
84400,44.6965,56.6771
84500,44.5656,56.5302
84600,44.4348,56.3835
84700,44.304,56.2368
84800,44.1733,56.0902
84900,44.0426,55.9438
85000,43.9121,55.7974
85100,43.7816,55.6511
85200,43.6512,55.5049
85300,43.5208,55.3587
85400,43.3906,55.2127
85500,43.2604,55.0668
85600,43.1302,54.9209
85700,43.0002,54.7751
85800,42.8702,54.6295
85900,42.7402,54.4839
86000,42.6104,54.3383
86100,42.4806,54.1929
86200,42.3509,54.0476
86300,42.2212,53.9023
86400,42.0916,53.7571
86500,41.9621,53.612
86600,41.8326,53.467
86700,41.7033,53.3221
86800,41.5739,53.1772
86900,41.4447,53.0325
87000,41.3154,52.8878
87100,41.1863,52.7432
87200,41.0572,52.5986
87300,40.9282,52.4542
87400,40.7992,52.3098
87500,40.6703,52.1655
87600,40.5415,52.0213
87700,40.4127,51.8771
87800,40.284,51.733
87900,40.1553,51.589
88000,40.0267,51.4451
88100,39.8981,51.3012
88200,39.7696,51.1574
88300,39.6412,51.0137
88400,39.5128,50.8701
88500,39.3845,50.7265
88600,39.2562,50.583
88700,39.1279,50.4395
88800,38.9998,50.2962
88900,38.8716,50.1529
89000,38.7436,50.0096
89100,38.6155,49.8664
89200,38.4875,49.7233
89300,38.3596,49.5803
89400,38.2317,49.4373
89500,38.1039,49.2944
89600,37.9761,49.1516
89700,37.8484,49.0088
89800,37.7207,48.866
89900,37.593,48.7234
90000,37.4654,48.5808
90100,37.3379,48.4382
90200,37.2104,48.2957
90300,37.0829,48.1533
90400,36.9555,48.0109
90500,36.8281,47.8686
90600,36.7007,47.7263
90700,36.5734,47.5841
90800,36.4462,47.442
90900,36.3189,47.2999
91000,36.1918,47.1578
91100,36.0646,47.0158
91200,35.9375,46.8739
91300,35.8104,46.732
91400,35.6834,46.5902
91500,35.5564,46.4484
91600,35.4294,46.3066
91700,35.3025,46.1649
91800,35.1756,46.0233
91900,35.0487,45.8817
92000,34.9218,45.7401
92100,34.795,45.5986
92200,34.6683,45.4572
92300,34.5415,45.3157
92400,34.4148,45.1744
92500,34.2881,45.033
92600,34.1614,44.8917
92700,34.0348,44.7505
92800,33.9082,44.6093
92900,33.7816,44.4681
93000,33.6551,44.327
93100,33.5285,44.1859
93200,33.402,44.0448
93300,33.2755,43.9038
93400,33.1491,43.7628
93500,33.0226,43.6218
93600,32.8962,43.4809
93700,32.7698,43.34
93800,32.6434,43.1991
93900,32.517,43.0583
94000,32.3907,42.9175
94100,32.2644,42.7767
94200,32.1381,42.636
94300,32.0117,42.4953
94400,31.8855,42.3546
94500,31.7592,42.2139
94600,31.6329,42.0733
94700,31.5067,41.9327
94800,31.3805,41.7921
94900,31.2542,41.6515
95000,31.128,41.511
95100,31.0018,41.3705
95200,30.8756,41.23
95300,30.7494,41.0895
95400,30.6233,40.949
95500,30.4971,40.8086
95600,30.3709,40.6681
95700,30.2448,40.5277
95800,30.1186,40.3873
95900,29.9924,40.2469
96000,29.8663,40.1065
96100,29.7401,39.9662
96200,29.614,39.8258
96300,29.4878,39.6855
96400,29.3617,39.5452
96500,29.2355,39.4048
96600,29.1093,39.2645
96700,28.9832,39.1242
96800,28.857,38.9839
96900,28.7308,38.8436
97000,28.6047,38.7033
97100,28.4785,38.563
97200,28.3523,38.4227
97300,28.2261,38.2824
97400,28.0998,38.1421
97500,27.9736,38.0018
97600,27.8474,37.8615
97700,27.7211,37.7212
97800,27.5949,37.5809
97900,27.4686,37.4406
98000,27.3423,37.3002
98100,27.216,37.1599
98200,27.0897,37.0196
98300,26.9633,36.8792
98400,26.8369,36.7389
98500,26.7106,36.5985
98600,26.5842,36.4581
98700,26.4577,36.3177
98800,26.3313,36.1773
98900,26.2048,36.0368
99000,26.0783,35.8964
99100,25.9518,35.7559
99200,25.8252,35.6154
99300,25.6986,35.4749
99400,25.572,35.3344
99500,25.4454,35.1938
99600,25.3187,35.0532
99700,25.192,34.9126
99800,25.0653,34.772
99900,24.9385,34.6313
100000,24.8117,34.4906
100100,24.6848,34.3499
100200,24.558,34.2091
100300,24.431,34.0684
100400,24.3041,33.9275
100500,24.1771,33.7867
100600,24.0501,33.6458
100700,23.923,33.5048
100800,23.7958,33.3639
100900,23.6687,33.2228
101000,23.5415,33.0818
101100,23.4142,32.9407
101200,23.2869,32.7995
101300,23.1595,32.6583
101400,23.0321,32.5171
101500,22.9046,32.3758
101600,22.7771,32.2345
101700,22.6496,32.0931
101800,22.5219,31.9516
101900,22.3943,31.8101
102000,22.2665,31.6686
102100,22.1387,31.527
102200,22.0109,31.3853
102300,21.8829,31.2436
102400,21.755,31.1018
102500,21.6269,30.9599
102600,21.4988,30.818
102700,21.3706,30.676
102800,21.2424,30.534
102900,21.1141,30.3918
103000,20.9857,30.2496
103100,20.8572,30.1074
103200,20.7287,29.965
103300,20.6001,29.8226
103400,20.4714,29.6801
103500,20.3427,29.5376
103600,20.2139,29.3949
103700,20.0849,29.2522
103800,19.956,29.1094
103900,19.663,28.9664
104000,19.3463,28.8235
104100,19.0469,28.6804
104200,18.767,28.5372
104300,18.4998,28.394
104400,18.2399,28.2507
104500,17.9846,28.1075
104600,17.733,27.9643
104700,17.4849,27.8213
104800,17.2404,27.6784
104900,17.0079,27.5357
105000,16.7882,27.3934
105100,16.5798,27.2514
105200,16.3811,27.1097
105300,16.1911,26.9684
105400,16.0088,26.8274
105500,15.8337,26.6868
105600,15.6649,26.5464
105700,15.502,26.4063
105800,15.3443,26.2664
105900,15.1914,26.1266
106000,15.0425,25.9868
106100,14.8974,25.847
106200,14.7556,25.7071
106300,14.6167,25.5671
106400,14.4803,25.4269
106500,14.3462,25.2865
106600,14.2141,25.1458
106700,14.0838,25.0048
106800,13.9551,24.8636
106900,13.8278,24.722
107000,13.7017,24.5802
107100,13.5767,24.438
107200,13.4527,24.2956
107300,13.3295,24.1528
107400,13.2071,24.0099
107500,13.0853,23.8666
107600,12.9641,23.7231
107700,12.8434,23.5794
107800,12.7232,23.4354
107900,12.6033,23.2911
108000,12.4836,23.1466
108100,12.3643,23.0019
108200,12.2452,22.8569
108300,12.1262,22.7116
108400,12.0074,22.5661
108500,11.8888,22.4203
108600,11.7702,22.2742
108700,11.6518,22.1278
108800,11.5334,21.981
108900,11.4151,21.8339
109000,11.2969,21.6865
109100,11.1788,21.5387
109200,11.0606,21.3904
109300,10.9426,21.2418
109400,10.8245,21.0927
109500,10.7065,20.9432
109600,10.5885,20.7933
109700,10.4705,20.6429
109800,10.3524,20.492
109900,10.2344,20.3406
110000,10.1163,20.1887
110100,9.9981,20.0363
110200,9.87984,19.8835
110300,9.76149,19.7302
110400,9.64303,19.5764
110500,9.52444,19.4222
110600,9.4057,19.2675
110700,9.28679,19.1124
110800,9.16736,18.9569
110900,9.04701,18.8011
111000,8.92557,18.6449
111100,8.803,18.4885
111200,8.67931,18.332
111300,8.55452,18.1754
111400,8.42871,18.0191
111500,8.30195,17.863
111600,8.17432,17.7073
111700,8.04592,17.5522
111800,7.91684,17.3977
111900,7.78714,17.244
112000,7.65692,17.0909
112100,7.5262,16.9386
112200,7.39504,16.7869
112300,7.26346,16.6358
112400,7.13147,16.4852
112500,6.99908,16.335
112600,6.86628,16.1849
112700,6.73309,16.0349
112800,6.5995,15.8847
112900,6.46551,15.7342
113000,6.33113,15.5833
113100,6.19639,15.4318
113200,6.06131,15.2796
113300,5.92592,15.1266
113400,5.79025,14.9728
113500,5.65432,14.818
113600,5.51818,14.6623
113700,5.38186,14.5057
113800,5.24537,14.348
113900,5.10873,14.1895
114000,4.97195,14.03
114100,4.83502,13.8696
114200,4.69793,13.7085
114300,4.56065,13.5465
114400,4.42315,13.3838
114500,4.28539,13.2204
114600,4.14731,13.0563
114700,4.00888,12.8917
114800,3.87002,12.7265
114900,3.7307,12.5608
115000,3.59084,12.3947
115100,3.45041,12.2281
115200,3.30935,12.0611
115300,3.16762,11.8938
115400,3.02519,11.7262
115500,2.88202,11.5583
115600,2.7381,11.3901
115700,2.5934,11.2217
115800,2.44791,11.0531
115900,2.30163,10.8844
116000,2.15453,10.7154
116100,2.00663,10.5462
116200,1.85792,10.3769
116300,1.70839,10.2074
116400,1.55806,10.0376
116500,1.40692,9.86764
116600,1.25497,9.69739
116700,1.10221,9.52683
116800,0.948645,9.35594
116900,0.794266,9.18466
117000,0.539782,8.95261
117100,0.150693,8.6193
117200,-0.369932,8.16377
117300,-0.892267,7.58156
117400,-0.779277,6.88086
117500,-0.576839,6.07884
117600,-0.468432,5.19942
117700,-0.447033,4.2712
117800,-0.460562,3.3262
117900,-0.47551,2.3946
118000,-0.482513,1.50691
118100,-0.483795,0.692159
118200,-0.483248,0
118300,-0.482937,0
118400,-0.483272,0
118500,-0.484009,0
118600,-0.484737,0
118700,-0.485544,0
118800,-0.486337,0
118900,-0.48711,0
119000,-0.48788,0
119100,-0.488661,0
119200,-0.489456,0.0973214
119300,-0.490267,0.385416
119400,-0.491093,0.764626
119500,-0.491933,1.17685
119600,-0.492788,1.58815
119700,-0.493658,1.9787
119800,-0.494546,2.33741
119900,-0.49545,2.65901
120000,-0.496373,2.94221
120100,-0.497313,3.18852
120200,-0.498271,3.40134
120300,-0.499248,3.58518
120400,-0.500242,3.74501
120500,-0.501253,3.88565
120600,-0.502281,4.01133
120700,-0.503324,4.12527
120800,-0.504383,4.22943
120900,-0.505461,4.32443
121000,-0.506553,4.40954
121100,-0.507658,4.48282
121200,-0.508774,4.54141
121300,-0.509903,4.58178
121400,-0.511045,4.60015
121500,-0.5122,4.59281
121600,-0.513368,4.5565
121700,-0.514549,4.48871
121800,-0.515742,4.38791
121900,-0.516948,4.25372
122000,-0.518166,4.08702
122100,-0.519396,3.88987
122200,-0.520638,3.66554
122300,-0.521891,3.41825
122400,-0.523156,3.15307
122500,-0.524431,2.87559
122600,-0.525717,2.59173
122700,-0.527012,2.30743
122800,-0.528317,2.02845
122900,-0.52963,1.7601
123000,-0.530951,1.50707
123100,-0.532279,1.27331
123200,-0.533614,1.06194
123300,-0.534955,0.875178
123400,-0.536301,0.714403
123500,-0.537653,0.580165
123600,-0.539009,0.472287
123700,-0.540369,0.389976
123800,-0.541734,0.331951
123900,-0.543102,0.29657
124000,-0.544474,0.281965
124100,-0.545849,0.286155
124200,-0.547227,0.307153
124300,-0.548608,0.343039
124400,-0.549992,0.392021
124500,-0.551383,0.452462
124600,-0.552777,0.522894
124700,-0.554173,0.602005
124800,-0.555571,0.68861
124900,-0.556971,0.781621
125000,-0.558373,0.879999
125100,-0.559779,0.982715
125200,-0.561188,1.08871
125300,-0.562599,1.19686
125400,-0.564013,1.30596
125500,-0.56543,1.41472
125600,-0.566849,1.52176
125700,-0.56827,1.62562
125800,-0.569693,1.72481
125900,-0.571118,1.81783
126000,-0.572545,1.90322
126100,-0.573975,1.97961
126200,-0.575406,2.04573
126300,-0.576839,2.10052
126400,-0.578274,2.14311
126500,-0.579711,2.17285
126600,-0.58115,2.18938
126700,-0.58259,2.1926
126800,-0.584031,2.18266
126900,-0.585474,2.16
127000,-0.586919,2.12526
127100,-0.588364,2.07932
127200,-0.589811,2.02323
127300,-0.591259,1.95819
127400,-0.592707,1.88548
127500,-0.594156,1.80647
127600,-0.595605,1.72255
127700,-0.597055,1.63509
127800,-0.598505,1.54545
127900,-0.599955,1.45492
128000,-0.601404,1.36469
128100,-0.602853,1.27588
128200,-0.604304,1.18951
128300,-0.605756,1.10647
128400,-0.607205,1.02756
128500,-0.608652,0.953466
128600,-0.610098,0.884784
128700,-0.611542,0.822001
128800,-0.612985,0.765521
128900,-0.614427,0.715661
129000,-0.615868,0.672658
129100,-0.617307,0.636673
129200,-0.618744,0.607793
129300,-0.620179,0.586034
129400,-0.621613,0.571338
129500,-0.623044,0.563578
129600,-0.624474,0.562554
129700,-0.625901,0.567994
129800,-0.627326,0.579556
129900,-0.628749,0.596828
130000,-0.63017,0.619333
130100,-0.631588,0.646532
130200,-0.633004,0.677833
130300,-0.634418,0.712593
130400,-0.635829,0.750137
130500,-0.637237,0.789758
130600,-0.638644,0.830738
130700,-0.640047,0.872353
130800,-0.641449,0.913891
130900,-0.642847,0.954661
131000,-0.644244,0.994008
131100,-0.645638,1.03132
131200,-0.647029,1.06603
131300,-0.648418,1.09765
131400,-0.649804,1.12575
131500,-0.651188,1.14998
131600,-0.65257,1.17004
131700,-0.653949,1.18574
131800,-0.655325,1.19695
131900,-0.656699,1.2036
132000,-0.658072,1.20572
132100,-0.659446,1.20337
132200,-0.660816,1.1967
132300,-0.662181,1.18589
132400,-0.663544,1.1712
132500,-0.664904,1.15289
132600,-0.666262,1.13129
132700,-0.667618,1.10674
132800,-0.668971,1.07962
132900,-0.670322,1.05031
133000,-0.671671,1.01922
133100,-0.673016,0.986749
133200,-0.674359,0.953315
133300,-0.6757,0.919323
133400,-0.677037,0.885174
133500,-0.678372,0.851259
133600,-0.679704,0.817951
133700,-0.681033,0.785605
133800,-0.682359,0.754555
133900,-0.683682,0.725105
134000,-0.685002,0.697532
134100,-0.686318,0.67208
134200,-0.687632,0.648958
134300,-0.688942,0.628337
134400,-0.69025,0.610351
134500,-0.691554,0.595095
134600,-0.692854,0.582622
134700,-0.694152,0.572947
134800,-0.695445,0.566046
134900,-0.696736,0.561857
135000,-0.698023,0.560283
135100,-0.699307,0.561192
135200,-0.700588,0.564424
135300,-0.701865,0.569791
135400,-0.703139,0.577082
135500,-0.704409,0.586067
135600,-0.705676,0.596501
135700,-0.70694,0.608129
135800,-0.7082,0.620686
135900,-0.709457,0.633909
136000,-0.710715,0.647533
136100,-0.711969,0.661299
136200,-0.713219,0.674957
136300,-0.714464,0.688268
136400,-0.715706,0.701008
136500,-0.716945,0.71297
136600,-0.718181,0.723967
136700,-0.719415,0.733831
136800,-0.720646,0.742416
136900,-0.721874,0.749601
137000,-0.723099,0.755289
137100,-0.724321,0.759405
137200,-0.72554,0.7619
137300,-0.726757,0.762748
137400,-0.72797,0.761946
137500,-0.729181,0.759514
137600,-0.730389,0.755495
137700,-0.731594,0.749949
137800,-0.732797,0.742956
137900,-0.733996,0.734615
138000,-0.735193,0.725036
138100,-0.736387,0.714346
138200,-0.737578,0.702682
138300,-0.738766,0.690187
138400,-0.739952,0.677015
138500,-0.741134,0.663323
138600,-0.742314,0.649268
138700,-0.74349,0.635009
138800,-0.744664,0.620703
138900,-0.745835,0.606501
139000,-0.747003,0.592549
139100,-0.748168,0.578985
139200,-0.749331,0.565935
139300,-0.750489,0.553518
139400,-0.751644,0.541835
139500,-0.752798,0.530979
139600,-0.753948,0.521025
139700,-0.755096,0.512034
139800,-0.75624,0.504052
139900,-0.757382,0.49711
140000,-0.758521,0.491223
140100,-0.759661,0.486392
140200,-0.760797,0.482604
140300,-0.761929,0.479831
140400,-0.763057,0.478034
140500,-0.764183,0.47716
140600,-0.765306,0.477148
140700,-0.766426,0.477926
140800,-0.767544,0.479416
140900,-0.768659,0.48153
141000,-0.769772,0.484179
141100,-0.770882,0.487266
141200,-0.771989,0.490696
141300,-0.773094,0.49437
141400,-0.774196,0.49819
141500,-0.775296,0.50206
141600,-0.776393,0.505888
141700,-0.777487,0.509584
141800,-0.778579,0.513064
141900,-0.779668,0.516252
142000,-0.780755,0.519076
142100,-0.781839,0.521474
142200,-0.78292,0.523389
142300,-0.783999,0.524777
142400,-0.785076,0.525599
142500,-0.786149,0.525828
142600,-0.787221,0.525445
142700,-0.788289,0.52444
142800,-0.789356,0.522813
142900,-0.790419,0.520572
143000,-0.79148,0.517733
143100,-0.792539,0.514321
143200,-0.793595,0.510367
143300,-0.794649,0.505909
143400,-0.7957,0.500991
143500,-0.796749,0.495661
143600,-0.797795,0.489973
143700,-0.798838,0.483982
143800,-0.799879,0.477747
143900,-0.800918,0.471328
144000,-0.801954,0.464784
144100,-0.802988,0.458177
144200,-0.804019,0.451566
144300,-0.80505,0.445007
144400,-0.80608,0.438556
144500,-0.807106,0.432263
144600,-0.808129,0.426177
144700,-0.809149,0.420341
144800,-0.810166,0.414792
144900,-0.811182,0.409566
145000,-0.812196,0.404688
145100,-0.813207,0.400182
145200,-0.814217,0.396065
145300,-0.815224,0.392346
145400,-0.816229,0.389032
145500,-0.817231,0.386121
145600,-0.818232,0.383608
145700,-0.81923,0.381482
145800,-0.820226,0.379728
145900,-0.82122,0.378325
146000,-0.822212,0.37725
146100,-0.823201,0.376475
146200,-0.824189,0.37597
146300,-0.825174,0.375701
146400,-0.826157,0.375635
146500,-0.827138,0.375733
146600,-0.828116,0.375961
146700,-0.829093,0.376279
146800,-0.830067,0.37665
146900,-0.831039,0.377039
147000,-0.832009,0.37741
147100,-0.832977,0.377728
147200,-0.833943,0.377963
147300,-0.834906,0.378084
147400,-0.835868,0.378065
147500,-0.836827,0.377882
147600,-0.837784,0.377515
147700,-0.83874,0.376946
147800,-0.839692,0.376162
147900,-0.840643,0.375152
148000,-0.841592,0.373911
148100,-0.842539,0.372434
148200,-0.843484,0.370723
148300,-0.844426,0.36878
148400,-0.845366,0.366613
148500,-0.846305,0.364232
148600,-0.847241,0.361648
148700,-0.848177,0.358877
148800,-0.849113,0.355936
148900,-0.850045,0.352843
149000,-0.850975,0.349619
149100,-0.851902,0.346286
149200,-0.852827,0.342866
149300,-0.853751,0.339382
149400,-0.854673,0.335857
149500,-0.855593,0.332314
149600,-0.856511,0.328775
149700,-0.857428,0.325262
149800,-0.858343,0.321797
149900,-0.859256,0.318398
150000,-0.860167,0.315083
150100,-0.861076,0.311869
150200,-0.861984,0.30877
150300,-0.862889,0.305798
150400,-0.863793,0.302964
150500,-0.864695,0.300276
150600,-0.865595,0.297741
150700,-0.866493,0.295361
150800,-0.867389,0.293138
150900,-0.868284,0.291073
151000,-0.869177,0.289162
151100,-0.870067,0.287401
151200,-0.870956,0.285783
151300,-0.871843,0.284301
151400,-0.872729,0.282946
151500,-0.873612,0.281706
151600,-0.874493,0.280569
151700,-0.875373,0.279523
151800,-0.876251,0.278554
151900,-0.877127,0.277649
152000,-0.878001,0.276792
152100,-0.878873,0.27597
152200,-0.879744,0.275167
152300,-0.880612,0.274371
152400,-0.881479,0.273567
152500,-0.882344,0.272743
152600,-0.883207,0.271886
152700,-0.884068,0.270985
152800,-0.884927,0.270031
152900,-0.885785,0.269014
153000,-0.886641,0.267926
153100,-0.887495,0.266761
153200,-0.888347,0.265515
153300,-0.889198,0.264182
153400,-0.89005,0.262762
153500,-0.8909,0.261253
153600,-0.891746,0.259655
153700,-0.89259,0.25797
153800,-0.893433,0.256201
153900,-0.894274,0.254352
154000,-0.895114,0.252428
154100,-0.895952,0.250434
154200,-0.896789,0.248377
154300,-0.897625,0.246264
154400,-0.898458,0.244105
154500,-0.899291,0.241906
154600,-0.900121,0.239676
154700,-0.90095,0.237425
154800,-0.901778,0.235162
154900,-0.902604,0.232895
155000,-0.903428,0.230632
155100,-0.904251,0.228383
155200,-0.905073,0.226155
155300,-0.905893,0.223955
155400,-0.906711,0.221791
155500,-0.907527,0.219668
155600,-0.908343,0.217592
155700,-0.909156,0.215567
155800,-0.909968,0.213598
155900,-0.910779,0.211688
156000,-0.911587,0.209838
156100,-0.912395,0.20805
156200,-0.9132,0.206324
156300,-0.914005,0.20466
156400,-0.914807,0.203057
156500,-0.915608,0.201513
156600,-0.916408,0.200026
156700,-0.917205,0.198591
156800,-0.918002,0.197207
156900,-0.918796,0.195867
157000,-0.91959,0.194567
157100,-0.920381,0.193304
157200,-0.921171,0.19207
157300,-0.92196,0.190861
157400,-0.922747,0.18967
157500,-0.923532,0.188494
157600,-0.924316,0.187325
157700,-0.925098,0.186159
157800,-0.925879,0.184989
157900,-0.926658,0.183812
158000,-0.927435,0.182623
158100,-0.928211,0.181417
158200,-0.928988,0.180191
158300,-0.929764,0.17894
158400,-0.930537,0.177663
158500,-0.931308,0.176357
158600,-0.932078,0.175019
158700,-0.932845,0.173649
158800,-0.933612,0.172246
158900,-0.934378,0.170809
159000,-0.935142,0.169339
159100,-0.935905,0.167836
159200,-0.936666,0.166302
159300,-0.937427,0.164738
159400,-0.938185,0.163145
159500,-0.938943,0.161528
159600,-0.939699,0.159887
159700,-0.940454,0.158226
159800,-0.941207,0.156548
159900,-0.941959,0.154857
160000,-0.94271,0.153155
160100,-0.943459,0.151447
160200,-0.944207,0.149735
160300,-0.944953,0.148022
160400,-0.945698,0.146314
160500,-0.946442,0.144611
160600,-0.947184,0.142919
160700,-0.947925,0.141238
160800,-0.948665,0.139573
160900,-0.949403,0.137925
161000,-0.950139,0.136296
161100,-0.950875,0.134688
161200,-0.951609,0.133102
161300,-0.952341,0.13154
161400,-0.953072,0.130003
161500,-0.953802,0.12849
161600,-0.95453,0.127002
161700,-0.955257,0.125538
161800,-0.955982,0.124099
161900,-0.956706,0.122683
162000,-0.957429,0.121289
162100,-0.95815,0.119917
162200,-0.95887,0.118563
162300,-0.959589,0.117228
162400,-0.960306,0.115908
162500,-0.961021,0.114602
162600,-0.961736,0.113308
162700,-0.962449,0.112023
162800,-0.96316,0.110746
162900,-0.96387,0.109474
163000,-0.964579,0.108205
163100,-0.965286,0.106937
163200,-0.965992,0.105668
163300,-0.966697,0.104396
163400,-0.967404,0.103119
163500,-0.968108,0.101835
163600,-0.96881,0.100544
163700,-0.96951,0.0992436
163800,-0.970209,0.0979328
163900,-0.970906,0.0966108
164000,-0.971603,0.0952769
164100,-0.972299,0.0939305
164200,-0.972993,0.0925714
164300,-0.973686,0.0911996
164400,-0.974379,0.0898151
164500,-0.975069,0.0884182
164600,-0.975759,0.0870095
164700,-0.976448,0.0855895
164800,-0.977135,0.0841591
164900,-0.977821,0.0827192
165000,-0.978506,0.0812707
165100,-0.97919,0.079815
165200,-0.979873,0.0783531
165300,-0.980554,0.0768864
165400,-0.981234,0.0754161
165500,-0.981913,0.0739437
165600,-0.982591,0.0724704
165700,-0.983267,0.0709975
165800,-0.983943,0.0695264
165900,-0.984617,0.0680582
166000,-0.98529,0.0665942
166100,-0.985961,0.0651353
166200,-0.986632,0.0636826
166300,-0.987301,0.0622369
166400,-0.987969,0.0607991
166500,-0.988636,0.0593697
166600,-0.989301,0.0579492
166700,-0.989965,0.0565381
166800,-0.990628,0.0551366
166900,-0.99129,0.0537449
167000,-0.991951,0.0523628
167100,-0.99261,0.0509904
167200,-0.993268,0.0496274
167300,-0.993925,0.0482734
167400,-0.994581,0.0469279
167500,-0.995235,0.0455905
167600,-0.995888,0.0442605
167700,-0.99654,0.0429372
167800,-0.997191,0.0416199
167900,-0.99784,0.0403077
168000,-0.998489,0.0389998
168100,-0.999136,0.0376954
168200,-0.999781,0.0363935
168300,-1.00043,0.0350933
168400,-1.00107,0.033794
168500,-1.00171,0.0324947
168600,-1.00235,0.0311946
168700,-1.00299,0.0298929
168800,-1.00363,0.028589
168900,-1.00427,0.0272821
169000,-1.00491,0.0259719
169100,-1.00554,0.0246576
169200,-1.00618,0.0233389
169300,-1.00681,0.0220155
169400,-1.00744,0.020687
169500,-1.00808,0.0193534
169600,-1.00871,0.0180144
169700,-1.00934,0.01667
169800,-1.00996,0.0153204
169900,-1.01059,0.0139656
170000,-1.01122,0.0126058
170100,-1.01184,0.0112413
170200,-1.01247,0.0098724
170300,-1.01309,0.00849943
170400,-1.01371,0.00712282
170500,-1.01433,0.00574301
170600,-1.01495,0.00436049
170700,-1.01557,0.00297574
170800,-1.01619,0.00158928
170900,-1.01681,0.000201638
171000,-1.01742,0
171100,-1.01804,0
171200,-1.01865,0
171300,-1.01926,0
171400,-1.01987,0
171500,-1.02048,0
171600,-1.02109,0
171700,-1.0217,0
171800,-1.02231,0
171900,-1.02291,0
172000,-1.02352,0
172100,-1.02412,0
172200,-1.02472,0
172300,-1.02532,0
172400,-1.02592,0
172500,-1.02652,0
172600,-1.02712,0
172700,-1.02772,0
172800,-1.02831,0
172900,-1.02891,6.89709e-05
173000,-1.0295,0.000590653
173100,-1.03009,0.00131641
173200,-1.03069,0.00210827
173300,-1.03128,0.00288996
173400,-1.03186,0.00361778
173500,-1.03245,0.00426555
173600,-1.03304,0.00481694
173700,-1.03363,0.00526154
173800,-1.03421,0.00559302
173900,-1.03479,0.00580817
174000,-1.03538,0.00590658
174100,-1.03596,0.00589041
174200,-1.03654,0.00576427
174300,-1.03712,0.00553497
174400,-1.0377,0.00521133
174500,-1.03827,0.00480386
174600,-1.03885,0.00432437
174700,-1.03943,0.0037857
174800,-1.04001,0.00320129
174900,-1.04058,0.00258491
175000,-1.04115,0.00195029
175100,-1.04172,0.00131088
175200,-1.0423,0.000679536
175300,-1.04287,6.83283e-05
175400,-1.04343,0
175500,-1.044,0
175600,-1.04457,0
175700,-1.04514,0
175800,-1.0457,0
175900,-1.04627,0
176000,-1.04683,0
176100,-1.04739,0
176200,-1.04795,0
176300,-1.04852,0
176400,-1.04908,0
176500,-1.04963,0
176600,-1.05019,0
176700,-1.05075,0
176800,-1.0513,0
176900,-1.05186,0
177000,-1.05241,0
177100,-1.05297,0
177200,-1.05352,0
177300,-1.05407,0
177400,-1.05462,0
177500,-1.05517,0
177600,-1.05571,0
177700,-1.05626,4.73878e-05
177800,-1.05681,0.000157622
177900,-1.05735,0.000282092
178000,-1.0579,0.000395457
178100,-1.05844,0.000485153
178200,-1.05898,0.000545491
178300,-1.05952,0.000574588
178400,-1.06006,0.000572763
178500,-1.0606,0.00054169
178600,-1.06114,0.000483949
178700,-1.06168,0.000402773
178800,-1.06221,0.00030189
178900,-1.06275,0.0001854
179000,-1.06328,5.76571e-05
179100,-1.06381,0
179200,-1.06435,0
179300,-1.06488,0
179400,-1.06541,0
179500,-1.06594,0
179600,-1.06646,0
179700,-1.06699,0
179800,-1.06752,0
179900,-1.06804,0
180000,-1.06857,0
180100,-1.06909,0
180200,-1.06961,0
180300,-1.07013,0
180400,-1.07065,0
180500,-1.07117,0
180600,-1.07169,0
180700,-1.07221,0
180800,-1.07272,0
180900,-1.07324,0
181000,-1.07376,7.2651e-05
181100,-1.07427,0.000193762
181200,-1.07478,0.00033789
181300,-1.0753,0.00049063
181400,-1.07581,0.000643384
181500,-1.07632,0.00079059
181600,-1.07683,0.000928313
181700,-1.07734,0.00105354
181800,-1.07784,0.00116385
181900,-1.07835,0.00125727
182000,-1.07886,0.00133223
182100,-1.07936,0.00138759
182200,-1.07987,0.0014226
182300,-1.08037,0.00143695
182400,-1.08088,0.00143072
182500,-1.08138,0.00140441
182600,-1.08188,0.00135886
182700,-1.08238,0.00129525
182800,-1.08288,0.00121505
182900,-1.08338,0.00111995
183000,-1.08388,0.00101186
183100,-1.08438,0.000892841
183200,-1.08487,0.000765045
183300,-1.08537,0.000630698
183400,-1.08586,0.000492046
183500,-1.08636,0.000351309
183600,-1.08685,0.000210638
183700,-1.08734,7.2074e-05
183800,-1.08783,0
183900,-1.08832,0
184000,-1.08881,0
184100,-1.0893,0
184200,-1.08979,0
184300,-1.09028,0
184400,-1.09076,0
184500,-1.09125,0
184600,-1.09173,0
184700,-1.09221,0
184800,-1.0927,0
184900,-1.09318,0
185000,-1.09366,0
185100,-1.09414,0
185200,-1.09462,0
185300,-1.09509,0
185400,-1.09557,0
185500,-1.09605,0
185600,-1.09652,0
185700,-1.097,0
185800,-1.09747,0
185900,-1.09794,0
186000,-1.09842,0
186100,-1.09889,0
186200,-1.09936,0
186300,-1.09983,0
186400,-1.10029,0
186500,-1.10076,0
186600,-1.10123,0
186700,-1.10169,0
186800,-1.10216,0
186900,-1.10262,0
187000,-1.10308,0
187100,-1.10355,0
187200,-1.10401,0
187300,-1.10447,0
187400,-1.10493,0
187500,-1.10538,0
187600,-1.10584,0
187700,-1.1063,0
187800,-1.10676,0
187900,-1.10721,0
188000,-1.10767,0
188100,-1.10812,0
188200,-1.10858,0
188300,-1.10903,0
188400,-1.10948,1.60273e-05
188500,-1.10993,4.27568e-05
188600,-1.11038,7.55368e-05
188700,-1.11083,0.000111883
188800,-1.11128,0.000150398
188900,-1.11173,0.000190205
189000,-1.11218,0.000230656
189100,-1.11262,0.000271196
189200,-1.11307,0.000311289
189300,-1.11351,0.000350403
189400,-1.11396,0.000387999
189500,-1.1144,0.000423541
189600,-1.11484,0.000456507
189700,-1.11529,0.000486399
189800,-1.11573,0.000512751
189900,-1.11617,0.000535139
190000,-1.11661,0.00055319
190100,-1.11705,0.000566583
190200,-1.11749,0.000575061
190300,-1.11792,0.000578428
190400,-1.11836,0.000576556
190500,-1.1188,0.00056939
190600,-1.11923,0.000556941
190700,-1.11967,0.000539292
190800,-1.1201,0.000516596
190900,-1.12053,0.000489068
191000,-1.12096,0.000456987
191100,-1.1214,0.000420686
191200,-1.12183,0.000380548
191300,-1.12226,0.000336993
191400,-1.12269,0.000290507
191500,-1.12311,0.00024161
191600,-1.12354,0.000190841
191700,-1.12397,0.000138737
191800,-1.12439,8.58235e-05
191900,-1.12482,3.26127e-05
192000,-1.12524,0
192100,-1.12567,0
192200,-1.12609,0
192300,-1.12651,0
192400,-1.12693,0
192500,-1.12735,0
192600,-1.12777,0
192700,-1.12819,0
192800,-1.12861,0
192900,-1.12902,0
193000,-1.12944,0
193100,-1.12986,0
193200,-1.13027,0
193300,-1.13068,0
193400,-1.1311,0
193500,-1.13151,0
193600,-1.13192,0
193700,-1.13233,0
193800,-1.13274,0
193900,-1.13315,0
194000,-1.13356,0
194100,-1.13397,0
194200,-1.13437,0
194300,-1.13478,0
194400,-1.13518,0
194500,-1.13559,0
194600,-1.13599,0
194700,-1.1364,0
194800,-1.1368,0
194900,-1.1372,0
195000,-1.1376,0
195100,-1.138,0
195200,-1.1384,0
195300,-1.1388,0
195400,-1.1392,0
195500,-1.13959,0
195600,-1.13999,0
195700,-1.14039,0
195800,-1.14078,0
195900,-1.14118,0
196000,-1.14157,0
196100,-1.14196,0
196200,-1.14236,4.65235e-06
196300,-1.14275,2.15078e-05
196400,-1.14314,4.41784e-05
196500,-1.14353,6.93188e-05
196600,-1.14392,9.52132e-05
196700,-1.14431,0.000120967
196800,-1.1447,0.000146094
196900,-1.14508,0.000170301
197000,-1.14547,0.000193385
197100,-1.14586,0.00021518
197200,-1.14624,0.000235538
197300,-1.14663,0.000254319
197400,-1.14701,0.000271392
197500,-1.1474,0.000286635
197600,-1.14778,0.000299936
197700,-1.14816,0.000311197
197800,-1.14855,0.00032033
197900,-1.14893,0.000327261
198000,-1.14931,0.000331928
198100,-1.14969,0.000334281
198200,-1.15007,0.000334287
198300,-1.15044,0.000331926
198400,-1.15082,0.000327197
198500,-1.1512,0.000320109
198600,-1.15157,0.000310665
198700,-1.15195,0.000298877
198800,-1.15233,0.000284783
198900,-1.1527,0.000268458
199000,-1.15307,0.000250011
199100,-1.15345,0.00022958
199200,-1.15382,0.000207329
199300,-1.15419,0.000183434
199400,-1.15456,0.000158085
199500,-1.15493,0.000131479
199600,-1.1553,0.000103826
199700,-1.15567,7.53353e-05
199800,-1.15604,4.62214e-05
199900,-1.1564,1.66979e-05
200000,-1.15677,0
200100,-1.15713,0
200200,-1.1575,0
200300,-1.15786,0
200400,-1.15823,0
200500,-1.15859,0
200600,-1.15895,0
200700,-1.15931,0
200800,-1.15968,0
200900,-1.16004,0
201000,-1.1604,0
201100,-1.16075,0
201200,-1.16111,0
201300,-1.16147,0
201400,-1.16183,0
201500,-1.16218,0
201600,-1.16254,0
201700,-1.16289,0
201800,-1.16325,0
201900,-1.1636,0
202000,-1.16395,0
202100,-1.1643,0
202200,-1.16466,0
202300,-1.16501,0
202400,-1.16536,0
202500,-1.16571,0
202600,-1.16605,0
202700,-1.1664,0
202800,-1.16675,0
202900,-1.1671,0
203000,-1.16744,0
203100,-1.16779,0
203200,-1.16813,0
203300,-1.16847,0
203400,-1.16882,0
203500,-1.16916,0
203600,-1.1695,0
203700,-1.16984,0
203800,-1.17018,0
203900,-1.17052,0
204000,-1.17086,0
204100,-1.1712,0
204200,-1.17154,0
204300,-1.17188,0
204400,-1.17222,4.16205e-06
204500,-1.17255,1.62706e-05
204600,-1.17289,3.20182e-05
204700,-1.17322,4.91456e-05
204800,-1.17356,6.64871e-05
204900,-1.17389,8.34316e-05
205000,-1.17423,9.96457e-05
205100,-1.17456,0.000114932
205200,-1.17489,0.000129159
205300,-1.17522,0.000142227
205400,-1.17556,0.000154052
205500,-1.17589,0.000164562
205600,-1.17622,0.000173694
205700,-1.17655,0.000181398
205800,-1.17687,0.00018763
205900,-1.1772,0.000192362
206000,-1.17753,0.000195572
206100,-1.17786,0.000197248
206200,-1.17818,0.00019739
206300,-1.17851,0.000196004
206400,-1.17884,0.000193107
206500,-1.17916,0.000188723
206600,-1.17948,0.000182887
206700,-1.17981,0.00017564
206800,-1.18013,0.000167036
206900,-1.18045,0.000157133
207000,-1.18078,0.000146
207100,-1.1811,0.000133715
207200,-1.18142,0.00012036
207300,-1.18174,0.000106025
207400,-1.18206,9.08037e-05
207500,-1.18237,7.47959e-05
207600,-1.18269,5.81102e-05
207700,-1.18301,4.086e-05
207800,-1.18333,2.31613e-05
207900,-1.18364,5.13163e-06
208000,-1.18396,0
208100,-1.18427,0
208200,-1.18459,0
208300,-1.1849,0
208400,-1.18521,0
208500,-1.18553,0
208600,-1.18584,0
208700,-1.18615,0
208800,-1.18646,0
208900,-1.18677,0
209000,-1.18708,0
209100,-1.18739,0
209200,-1.1877,0
209300,-1.188,0
209400,-1.18831,0
209500,-1.18862,0
209600,-1.18892,0
209700,-1.18923,0
209800,-1.18953,0
209900,-1.18984,0
210000,-1.19014,0
210100,-1.19044,0
210200,-1.19075,0
210300,-1.19105,0
210400,-1.19135,0
210500,-1.19165,0
210600,-1.19195,0
210700,-1.19225,0
210800,-1.19255,0
210900,-1.19284,0
211000,-1.19314,0
211100,-1.19344,0
211200,-1.19373,0
211300,-1.19403,0
211400,-1.19432,0
211500,-1.19462,0
211600,-1.19491,0
211700,-1.1952,0
211800,-1.1955,0
211900,-1.19579,0
212000,-1.19608,0
212100,-1.19637,0
212200,-1.19666,0
212300,-1.19695,0
212400,-1.19724,0
212500,-1.19753,0
212600,-1.19781,1.43183e-06
212700,-1.1981,8.5168e-06
212800,-1.19839,1.81669e-05
212900,-1.19867,2.87559e-05
213000,-1.19896,3.94452e-05
213100,-1.19924,4.97972e-05
213200,-1.19953,5.95763e-05
213300,-1.19981,6.86476e-05
213400,-1.20009,7.69256e-05
213500,-1.20038,8.43498e-05
213600,-1.20066,9.08727e-05
213700,-1.20094,9.64561e-05
213800,-1.20122,0.000101069
213900,-1.2015,0.00010469
214000,-1.20178,0.000107301
214100,-1.20206,0.000108897
214200,-1.20234,0.000109475
214300,-1.20262,0.000109041
214400,-1.2029,0.000107607
214500,-1.20318,0.000105192
214600,-1.20345,0.000101818
214700,-1.20373,9.75142e-05
214800,-1.20401,9.23145e-05
214900,-1.20428,8.62577e-05
215000,-1.20456,7.93876e-05
215100,-1.20483,7.17527e-05
215200,-1.20511,6.34056e-05
215300,-1.20538,5.44031e-05
215400,-1.20565,4.48049e-05
215500,-1.20593,3.46717e-05
215600,-1.2062,2.40704e-05
215700,-1.20647,1.30737e-05
215800,-1.20674,1.75668e-06
215900,-1.20701,0
216000,-1.20728,0
216100,-1.20755,0
216200,-1.20782,0
216300,-1.20809,0
216400,-1.20835,0
216500,-1.20862,0
216600,-1.20889,0
216700,-1.20915,0
216800,-1.20942,0
216900,-1.20968,0
217000,-1.20995,0
217100,-1.21021,0
217200,-1.21048,0
217300,-1.21074,0
217400,-1.211,0
217500,-1.21127,0
217600,-1.21153,0
217700,-1.21179,0
217800,-1.21205,0
217900,-1.21231,0
218000,-1.21257,0
218100,-1.21283,0
218200,-1.21309,0
218300,-1.21334,0
218400,-1.2136,0
218500,-1.21386,0
218600,-1.21412,0
218700,-1.21437,0
218800,-1.21463,0
218900,-1.21488,0
219000,-1.21514,0
219100,-1.21539,0
219200,-1.21564,0
219300,-1.2159,0
219400,-1.21615,0
219500,-1.2164,0
219600,-1.21665,0
219700,-1.2169,0
219800,-1.21715,0
219900,-1.2174,0
220000,-1.21765,0
220100,-1.2179,0
220200,-1.21815,0
220300,-1.21839,0
220400,-1.21864,0
220500,-1.21889,0
220600,-1.21913,0
220700,-1.21938,0
220800,-1.21962,0
220900,-1.21987,1.82676e-07
221000,-1.22011,3.96806e-06
221100,-1.22036,9.32976e-06
221200,-1.2206,1.52035e-05
221300,-1.22084,2.10469e-05
221400,-1.22108,2.65829e-05
221500,-1.22132,3.16687e-05
221600,-1.22156,3.62276e-05
221700,-1.2218,4.0209e-05
221800,-1.22204,4.35753e-05
221900,-1.22228,4.63003e-05
222000,-1.22252,4.83693e-05
222100,-1.22276,4.97778e-05
222200,-1.223,5.053e-05
222300,-1.22324,5.06357e-05
222400,-1.22347,5.01084e-05
222500,-1.22371,4.89637e-05
222600,-1.22394,4.72186e-05
222700,-1.22418,4.48915e-05
222800,-1.22441,4.20019e-05
222900,-1.22465,3.85712e-05
223000,-1.22488,3.46222e-05
223100,-1.22511,3.01803e-05
223200,-1.22535,2.52731e-05
223300,-1.22558,1.99306e-05
223400,-1.22581,1.41854e-05
223500,-1.22604,8.07134e-06
223600,-1.22627,1.62425e-06
223700,-1.2265,0
223800,-1.22673,0
223900,-1.22696,0
224000,-1.22719,0
224100,-1.22742,0
224200,-1.22765,0
224300,-1.22787,0
224400,-1.2281,0
224500,-1.22833,0
224600,-1.22855,0
224700,-1.22878,0
224800,-1.229,0
224900,-1.22923,0
225000,-1.22945,0
225100,-1.22967,0
225200,-1.2299,0
225300,-1.23012,0
225400,-1.23034,0
225500,-1.23056,0
225600,-1.23078,0
225700,-1.23101,0
225800,-1.23123,0
225900,-1.23145,0
226000,-1.23167,0
226100,-1.23188,0
226200,-1.2321,0
226300,-1.23232,0
226400,-1.23254,0
226500,-1.23276,0
226600,-1.23297,0
226700,-1.23319,0
226800,-1.23341,0
226900,-1.23362,0
227000,-1.23384,0
227100,-1.23405,0
227200,-1.23427,0
227300,-1.23448,0
227400,-1.23469,0
227500,-1.23491,0
227600,-1.23512,0
227700,-1.23533,0
227800,-1.23554,0
227900,-1.23576,0
228000,-1.23597,0
228100,-1.23618,0
228200,-1.23639,0
228300,-1.2366,0
228400,-1.23681,0
228500,-1.23702,0
228600,-1.23722,0
228700,-1.23743,0
228800,-1.23764,0
228900,-1.23785,0
229000,-1.23805,0
229100,-1.23826,0
229200,-1.23847,0
229300,-1.23867,0
229400,-1.23888,0
229500,-1.23908,6.35408e-07
229600,-1.23928,2.48202e-06
229700,-1.23949,4.7639e-06
229800,-1.23969,7.08469e-06
229900,-1.23989,9.24366e-06
230000,-1.2401,1.11347e-05
230100,-1.2403,1.26971e-05
230200,-1.2405,1.38926e-05
230300,-1.2407,1.46954e-05
230400,-1.2409,1.50882e-05
230500,-1.2411,1.50602e-05
230600,-1.2413,1.46065e-05
230700,-1.2415,1.37271e-05
230800,-1.2417,1.24262e-05
230900,-1.2419,1.07119e-05
231000,-1.24209,8.59527e-06
231100,-1.24229,6.0901e-06
231200,-1.24249,3.21295e-06
231300,-1.24268,0
231400,-1.24288,0
231500,-1.24308,0
231600,-1.24327,0
231700,-1.24347,0
231800,-1.24366,0
231900,-1.24385,0
232000,-1.24405,0
232100,-1.24424,0
232200,-1.24443,0
232300,-1.24462,0
232400,-1.24482,0
232500,-1.24501,0
232600,-1.2452,0
232700,-1.24539,0
232800,-1.24558,0
232900,-1.24577,0
233000,-1.24596,0
233100,-1.24615,0
233200,-1.24634,0
233300,-1.24652,0
233400,-1.24671,0
233500,-1.2469,0
233600,-1.24708,0
233700,-1.24727,0
233800,-1.24746,0
233900,-1.24764,0
234000,-1.24783,0
234100,-1.24801,0
234200,-1.2482,0
234300,-1.24838,0
234400,-1.24856,0
234500,-1.24874,0
234600,-1.24893,0
234700,-1.24911,0
234800,-1.24929,0
234900,-1.24947,0
235000,-1.24965,0
235100,-1.24983,0
235200,-1.25001,0
235300,-1.25019,0
235400,-1.25037,0
235500,-1.25055,0
235600,-1.25073,0
235700,-1.25091,0
235800,-1.25108,0
235900,-1.25126,0
236000,-1.25144,0
236100,-1.25161,0
236200,-1.25179,0
236300,-1.25197,0
236400,-1.25214,0
236500,-1.25231,0
236600,-1.25249,0
236700,-1.25266,0
236800,-1.25284,0
236900,-1.25301,0
237000,-1.25318,0
237100,-1.25335,0
237200,-1.25353,0
237300,-1.2537,0
237400,-1.25387,0
237500,-1.25404,0
237600,-1.25421,0
237700,-1.25438,0
237800,-1.25455,0
237900,-1.25472,0
238000,-1.25489,0
238100,-1.25505,0
238200,-1.25522,0
238300,-1.25539,0
238400,-1.25556,0
238500,-1.25572,0
238600,-1.25589,0
238700,-1.25605,0
238800,-1.25622,0
238900,-1.25638,0
239000,-1.25655,0
239100,-1.25671,0
239200,-1.25688,0
239300,-1.25704,0
239400,-1.2572,0
239500,-1.25737,0
239600,-1.25753,0
239700,-1.25769,0
239800,-1.25785,0
239900,-1.25801,0
240000,-1.25817,0
240100,-1.25833,0
240200,-1.25849,0
240300,-1.25865,0
240400,-1.25881,0
240500,-1.25897,0
240600,-1.25913,0
240700,-1.25929,0
240800,-1.25945,0
240900,-1.2596,0
241000,-1.25976,0
241100,-1.25992,0
241200,-1.26008,0
241300,-1.26023,0
241400,-1.26039,0
241500,-1.26054,0
241600,-1.2607,0
241700,-1.26085,0
241800,-1.26101,0
241900,-1.26116,0
242000,-1.26132,0
242100,-1.26147,0
242200,-1.26162,0
242300,-1.26178,0
242400,-1.26193,0
242500,-1.26208,0
242600,-1.26223,0
242700,-1.26238,0
242800,-1.26254,0
242900,-1.26269,0
243000,-1.26284,0
243100,-1.26299,0
243200,-1.26314,0
243300,-1.26329,0
243400,-1.26344,0
243500,-1.26358,0
243600,-1.26373,0
243700,-1.26388,0
243800,-1.26403,0
243900,-1.26418,0
244000,-1.26432,0
244100,-1.26447,0
244200,-1.26462,0
244300,-1.26476,0
244400,-1.26491,0
244500,-1.26505,0
244600,-1.2652,0
244700,-1.26534,0
244800,-1.26549,0
244900,-1.26563,0
245000,-1.26577,0
245100,-1.26592,0
245200,-1.26606,0
245300,-1.2662,0
245400,-1.26634,0
245500,-1.26649,0
245600,-1.26663,0
245700,-1.26677,0
245800,-1.26691,0
245900,-1.26705,0
246000,-1.26719,0
246100,-1.26733,0
246200,-1.26747,0
246300,-1.26761,0
246400,-1.26775,0
246500,-1.26788,0
246600,-1.26802,0
246700,-1.26816,0
246800,-1.2683,0
246900,-1.26843,0
247000,-1.26857,0
247100,-1.26871,0
247200,-1.26884,0
247300,-1.26898,0
247400,-1.26911,0
247500,-1.26925,0
247600,-1.26938,0
247700,-1.26952,0
247800,-1.26965,0
247900,-1.26979,0
248000,-1.26992,0
248100,-1.27005,0
248200,-1.27018,0
248300,-1.27032,0
248400,-1.27045,0
248500,-1.27058,0
248600,-1.27071,0
248700,-1.27084,0
248800,-1.27097,0
248900,-1.2711,0
249000,-1.27123,0
249100,-1.27136,0
249200,-1.27149,0
249300,-1.27162,0
249400,-1.27175,0
249500,-1.27188,0
249600,-1.272,0
249700,-1.27213,0
249800,-1.27226,0
249900,-1.27239,0
250000,-1.27251,0
250100,-1.27264,0
250200,-1.27276,0
250300,-1.27289,0
250400,-1.27302,0
250500,-1.27314,0
250600,-1.27327,0
250700,-1.27339,0
250800,-1.27351,0
250900,-1.27364,0
251000,-1.27376,0
251100,-1.27388,0
251200,-1.27401,0
251300,-1.27413,0
251400,-1.27425,0
251500,-1.27437,0
251600,-1.27449,0
251700,-1.27461,0
251800,-1.27474,0
251900,-1.27486,0
252000,-1.27498,0
252100,-1.2751,0
252200,-1.27521,0
252300,-1.27533,0
252400,-1.27545,0
252500,-1.27557,0
252600,-1.27569,0
252700,-1.27581,0
252800,-1.27593,0
252900,-1.27604,0
253000,-1.27616,0
253100,-1.27628,0
253200,-1.27639,0
253300,-1.27651,0
253400,-1.27662,0
253500,-1.27674,0
253600,-1.27685,0
253700,-1.27697,0
253800,-1.27708,0
253900,-1.2772,0
254000,-1.27731,0
254100,-1.27742,0
254200,-1.27754,0
254300,-1.27765,0
254400,-1.27776,0
254500,-1.27788,0
254600,-1.27799,0
254700,-1.2781,0
254800,-1.27821,0
254900,-1.27832,0
255000,-1.27843,0
255100,-1.27854,0
255200,-1.27865,0
255300,-1.27876,0
255400,-1.27887,0
255500,-1.27898,0
255600,-1.27909,0
255700,-1.2792,0
255800,-1.27931,0
255900,-1.27942,0
256000,-1.27952,0
256100,-1.27963,0
256200,-1.27974,0
256300,-1.27984,0
256400,-1.27995,0
256500,-1.28006,0
256600,-1.28016,0
256700,-1.28027,0
256800,-1.28037,0
256900,-1.28048,0
257000,-1.28058,0
257100,-1.28069,0
257200,-1.28079,0
257300,-1.28089,0
257400,-1.281,0
257500,-1.2811,0
257600,-1.2812,0
257700,-1.28131,0
257800,-1.28141,0
257900,-1.28151,0
258000,-1.28161,0
258100,-1.28172,0
258200,-1.28182,0
258300,-1.28192,0
258400,-1.28202,0
258500,-1.28212,0
258600,-1.28222,0
258700,-1.28232,0
258800,-1.28242,0
258900,-1.28252,0
259000,-1.28262,0
259100,-1.28272,0
259200,-1.28281,0
259300,-1.28291,0
259400,-1.28301,0
259500,-1.28311,0
259600,-1.2832,0
259700,-1.2833,0
259800,-1.2834,0
259900,-1.28349,0
260000,-1.28359,0
260100,-1.28369,0
260200,-1.28378,0
260300,-1.28388,0
260400,-1.28397,0
260500,-1.28407,0
260600,-1.28416,0
260700,-1.28426,0
260800,-1.28435,0
260900,-1.28444,0
261000,-1.28454,0
261100,-1.28463,0
261200,-1.28472,0
261300,-1.28482,0
261400,-1.28491,0
261500,-1.285,0
261600,-1.28509,0
261700,-1.28518,0
261800,-1.28528,0
261900,-1.28537,0
262000,-1.28546,0
262100,-1.28555,0
262200,-1.28564,0
262300,-1.28573,0
262400,-1.28582,0
262500,-1.28591,0
262600,-1.286,0
262700,-1.28609,0
262800,-1.28617,0
262900,-1.28626,0
263000,-1.28635,0
263100,-1.28644,0
263200,-1.28653,0
263300,-1.28661,0
263400,-1.2867,0
263500,-1.28679,0
263600,-1.28687,0
263700,-1.28696,0
263800,-1.28705,0
263900,-1.28713,0
264000,-1.28722,0
264100,-1.2873,0
264200,-1.28739,0
264300,-1.28747,0
264400,-1.28756,0
264500,-1.28764,0
264600,-1.28773,0
264700,-1.28781,0
264800,-1.2879,0
264900,-1.28798,0
265000,-1.28806,0
265100,-1.28815,0
265200,-1.28823,0
265300,-1.28831,0
265400,-1.28839,0
265500,-1.28848,0
265600,-1.28856,0
265700,-1.28864,0
265800,-1.28872,0
265900,-1.2888,0
266000,-1.28888,0
266100,-1.28896,0
266200,-1.28904,0
266300,-1.28912,0
266400,-1.2892,0
266500,-1.28928,0
266600,-1.28936,0
266700,-1.28944,0
266800,-1.28952,0
266900,-1.2896,0
267000,-1.28968,0
267100,-1.28976,0
267200,-1.28983,0
267300,-1.28991,0
267400,-1.28999,0
267500,-1.29007,0
267600,-1.29014,0
267700,-1.29022,0
267800,-1.2903,0
267900,-1.29037,0
268000,-1.29045,0
268100,-1.29053,0
268200,-1.2906,0
268300,-1.29068,0
268400,-1.29075,0
268500,-1.29083,0
268600,-1.2909,0
268700,-1.29098,0
268800,-1.29105,0
268900,-1.29112,0
269000,-1.2912,0
269100,-1.29127,0
269200,-1.29134,0
269300,-1.29142,0
269400,-1.29149,0
269500,-1.29156,0
269600,-1.29163,0
269700,-1.29171,0
269800,-1.29178,0
269900,-1.29185,0
270000,-1.29192,0
270100,-1.29199,0
270200,-1.29206,0
270300,-1.29213,0
270400,-1.2922,0
270500,-1.29227,0
270600,-1.29234,0
270700,-1.29241,0
270800,-1.29248,0
270900,-1.29255,0
271000,-1.29262,0
271100,-1.29269,0
271200,-1.29276,0
271300,-1.29282,0
271400,-1.29289,0
271500,-1.29296,0
271600,-1.29303,0
271700,-1.29309,0
271800,-1.29316,0
271900,-1.29323,0
272000,-1.29329,0
272100,-1.29336,0
272200,-1.29343,0
272300,-1.29349,0
272400,-1.29356,0
272500,-1.29362,0
272600,-1.29369,0
272700,-1.29375,0
272800,-1.29382,0
272900,-1.29388,0
273000,-1.29395,0
273100,-1.29401,0
273200,-1.29408,0
273300,-1.29414,0
273400,-1.2942,0
273500,-1.29427,0
273600,-1.29433,0
273700,-1.29439,0
273800,-1.29445,0
273900,-1.29452,0
274000,-1.29458,0
274100,-1.29464,0
274200,-1.2947,0
274300,-1.29476,0
274400,-1.29482,0
274500,-1.29488,0
274600,-1.29495,0
274700,-1.29501,0
274800,-1.29507,0
274900,-1.29513,0
275000,-1.29519,0
275100,-1.29525,0
275200,-1.29531,0
275300,-1.29536,0
275400,-1.29542,0
275500,-1.29548,0
275600,-1.29554,0
275700,-1.2956,0
275800,-1.29566,0
275900,-1.29571,0
276000,-1.29577,0
276100,-1.29583,0
276200,-1.29589,0
276300,-1.29594,0
276400,-1.296,0
276500,-1.29606,0
276600,-1.29611,0
276700,-1.29617,0
276800,-1.29623,0
276900,-1.29628,0
277000,-1.29634,0
277100,-1.29639,0
277200,-1.29645,0
277300,-1.2965,0
277400,-1.29656,0
277500,-1.29661,0
277600,-1.29667,0
277700,-1.29672,0
277800,-1.29677,0
277900,-1.29683,0
278000,-1.29688,0
278100,-1.29693,0
278200,-1.29699,0
278300,-1.29704,0
278400,-1.29709,0
278500,-1.29715,0
278600,-1.2972,0
278700,-1.29725,0
278800,-1.2973,0
278900,-1.29735,0
279000,-1.2974,0
279100,-1.29746,0
279200,-1.29751,0
279300,-1.29756,0
279400,-1.29761,0
279500,-1.29766,0
279600,-1.29771,0
279700,-1.29776,0
279800,-1.29781,0
279900,-1.29786,0
280000,-1.29791,0
280100,-1.29796,0
280200,-1.29801,0
280300,-1.29805,0
280400,-1.2981,0
280500,-1.29815,0
280600,-1.2982,0
280700,-1.29825,0
280800,-1.29829,0
280900,-1.29834,0
281000,-1.29839,0
281100,-1.29844,0
281200,-1.29848,0
281300,-1.29853,0
281400,-1.29858,0
281500,-1.29862,0
281600,-1.29867,0
281700,-1.29872,0
281800,-1.29876,0
281900,-1.29881,0
282000,-1.29885,0
282100,-1.2989,0
282200,-1.29894,0
282300,-1.29899,0
282400,-1.29903,0
282500,-1.29908,0
282600,-1.29912,0
282700,-1.29916,0
282800,-1.29921,0
282900,-1.29925,0
283000,-1.2993,0
283100,-1.29934,0
283200,-1.29938,0
283300,-1.29942,0
283400,-1.29947,0
283500,-1.29951,0
283600,-1.29955,0
283700,-1.29959,0
283800,-1.29964,0
283900,-1.29968,0
284000,-1.29972,0
284100,-1.29976,0
284200,-1.2998,0
284300,-1.29984,0
284400,-1.29988,0
284500,-1.29992,0
284600,-1.29996,0
284700,-1.3,0
284800,-1.30004,0
284900,-1.30008,0
285000,-1.30012,0
285100,-1.30016,0
285200,-1.3002,0
285300,-1.30024,0
285400,-1.30028,0
285500,-1.30032,0
285600,-1.30036,0
285700,-1.3004,0
285800,-1.30043,0
285900,-1.30047,0
286000,-1.30051,0
286100,-1.30055,0
286200,-1.30059,0
286300,-1.30062,0
286400,-1.30066,0
286500,-1.3007,0
286600,-1.30073,0
286700,-1.30077,0
286800,-1.30081,0
286900,-1.30084,0
287000,-1.30088,0
287100,-1.30091,0
287200,-1.30095,0
287300,-1.30099,0
